Name,Link to back sync,Variables (from Name copy),Title,CF Standard Name,Proposed CF Standard Name,Units,UID,Processing Note,Processing Comment,Provenance,Name Validation,Review Status (internal)
fsitherm,fsitherm,Omon.fsitherm,Water Flux into Sea Water Due to Sea Ice Thermodynamics,water_flux_into_sea_water_due_to_sea_ice_thermodynamics,,kg m-2 s-1,f718ef1940e6feab018d81f508bd87c2,si,,OMIP.Omon,1,Existing physical parameter
rsdsis,rsdsis,,Surface Downwelling Shortwave Radiation over Ice Sheets,surface_downwelling_shortwave_flux_in_air,,W m-2,80ab71e2-a698-11ef-914a-613c0433d878,si,,,1,Junk
rsdslni,rsdslni,"Emon.rsdslni, Emon.rsdslni_junk",Surface Downwelling Shortwave Radiation over Land Not Covered by Ice Sheets or Snow,surface_downwelling_shortwave_flux_in_air,,W m-2,80ab71e4-a698-11ef-914a-613c0433d878,si,,,1,Accepted for CMIP7
rsdsoni,rsdsoni,Emon.rsdsoni,Surface Downwelling Shortwave Radiation over Ocean Not Covered by Sea Ice,surface_downwelling_shortwave_flux_in_air,,W m-2,80ab71e6-a698-11ef-914a-613c0433d878,si,,,1,Accepted for CMIP7
rsdssi,rsdssi,Emon.rsdssi,Surface Downwelling Shortwave Radiation over Sea Ice,surface_downwelling_shortwave_flux_in_air,,W m-2,80ab71e0-a698-11ef-914a-613c0433d878,si,,,1,Accepted for CMIP7
rsusIs,rsusIs,"LImon.rsusIs, Emon.rsusIs",Ice Sheet Surface Upwelling Shortwave Radiation,surface_upwelling_shortwave_flux_in_air,,W m-2,53828236-bf01-11e6-a554-ac72891c3257,si,,CMIP6 [ISMIP6],1,Existing physical parameter
rsusis,rsusis,,Surface Upwelling Shortwave Radiation over Ice Sheets,surface_upwelling_shortwave_flux_in_air,,W m-2,80ab71e3-a698-11ef-914a-613c0433d878,si,,,1,Junk
rsuslni,rsuslni,Emon.rsuslni,Surface Upwelling Shortwave Radiation over Land Not Covered by Ice Sheets or Snow,surface_upwelling_shortwave_flux_in_air,,W m-2,80ab71e5-a698-11ef-914a-613c0433d878,si,,,1,Accepted for CMIP7
rsusoni,rsusoni,Emon.rsusoni,Surface Upwelling Shortwave Radiation over Ocean Not Covered by Sea Ice,surface_upwelling_shortwave_flux_in_air,,W m-2,80ab71e7-a698-11ef-914a-613c0433d878,si,,,1,Accepted for CMIP7
rsussi,rsussi,Emon.rsussi,Surface Upwelling Shortwave Radiation over Sea Ice,surface_upwelling_shortwave_flux_in_air,,W m-2,80ab71e1-a698-11ef-914a-613c0433d878,si,,,1,Accepted for CMIP7
sfdsi,sfdsi,"Odec.sfdsi, SImon.sfdsi, Omon.sfdsi, 3hr.sfdsi",Downward Sea Ice Basal Salt Flux,downward_sea_ice_basal_salt_flux,,kg m-2 s-1,8d0958ad5a4eabc97fc1896e847b00fe,si,,"CMIP5_Omon,PMIP3_Oclim,PMIP3_Omon",1,Existing physical parameter
siage,siage,"SImon.siage, SIday.siage, SImon.siageSouth30",Age of Sea Ice,age_of_sea_ice,,s,5917369e-9e49-11e5-803c-0d0b866b59f3,si,CHANGE SINCE CMIP6 in Description,CMIP6 endorsement [SIMIP],1,Existing physical parameter
sialb,sialb,SIday.sialb,Albedo of sea-ice covered surface,surface_albedo,,1,f86eb6ca-8ca1-11ef-944e-41a8eb05f654,si,,,1,Junk
sialgc,sialgc,"SImon.sialgc, SIday.sialgc",Total Ice Algal Carbon Amount in Sea Ice,sea_ice_mole_content_of_ice_algae_expressed_as_carbon,mole_content_of_ice_algae_expressed_as_carbon_in_sea_ice,mol m-2,f86eb6cb-8ca1-11ef-944e-41a8eb05f654,si,,,1,Accepted for CMIP7
siareaacrossline,siareaacrossline,SImon.siareaacrossline,Sea-Ice Area Flux Through Straits,sea_ice_area_transport_across_line,,m2 s-1,73097b4c-7a68-11e6-8db2-ac72891c3257,si,CHANGE SINCE CMIP6 in Description,CMIP6 endorsement [SIMIP],1,Existing physical parameter
siarean,siarean,"SImon.siarean, SIday.siarean",Sea-Ice Area North,sea_ice_area,,1e6 km2,59139a70-9e49-11e5-803c-0d0b866b59f3,si,CHANGE SINCE CMIP6 in Description,CMIP6 endorsement [SIMIP],1,Existing physical parameter
siareas,siareas,"SImon.siareas, SIday.siareas",Sea-Ice Area South,sea_ice_area,,1e6 km2,59139548-9e49-11e5-803c-0d0b866b59f3,si,CHANGE SINCE CMIP6 in Description,CMIP6 endorsement [SIMIP],1,Existing physical parameter
sichl,sichl,"SIday.sichl, SImon.sichl",Amount of Total Ice Algae Expressed as Chlorophyll in Sea Ice,sea_ice_mass_content_of_ice_algae_expressed_as_chlorophyll,amount_ice_algae_expressed_as_chlorophyll_in_sea_ice,kg m-2,f86eb6cc-8ca1-11ef-944e-41a8eb05f654,si,,,1,Accepted for CMIP7
sicompstren,sicompstren,SImon.sicompstren,Compressive Sea Ice Strength,compressive_strength_of_sea_ice,,N m-1,590e9390-9e49-11e5-803c-0d0b866b59f3,si,,CMIP6 endorsement [SIMIP],1,Existing physical parameter
siconc,siconc,"SIday.siconc, SImon.siconc, SImon.siconcSouth30",Sea-Ice Area Percentage (Ocean Grid),sea_ice_area_fraction,,%,150ada98-357c-11e7-8257-5404a60d96b5,si,CHANGE SINCE CMIP6 in Title and Units and Description - CMIP6:Sea-Ice Area Percentage (Ocean Grid) and % CMIP7:Sea-Ice Area Fraction (Ocean Grid) and 1,CMIP6 endorsement [SIMIP],1,Existing physical parameter
siconca,siconca,"SImon.siconca, SIday.siconca",Sea-Ice Area Percentage (Atmospheric Grid),sea_ice_area_fraction,,%,5914ab90-9e49-11e5-803c-0d0b866b59f3,si,CHANGE SINCE CMIP6 in Title and Units and Description - CMIP6:Sea-Ice Area Percentage (Atmospheric Grid) and % CMIP7:Sea-Ice Area Fraction (Atmospheric Grid) and 1,CMIP6 endorsement [SIMIP],1,Existing physical parameter
sidconcdyn,sidconcdyn,SImon.sidconcdyn,Sea-Ice Area Fraction Tendency Due to Dynamics,tendency_of_sea_ice_area_fraction_due_to_dynamics,,s-1,590ee584-9e49-11e5-803c-0d0b866b59f3,si,CHANGE SINCE CMIP6 in Title - CMIP6:Sea-Ice Area Percentage Tendency Due to Dynamics CMIP7:Sea-Ice Area Fraction Tendency Due to Dynamics,CMIP6 endorsement [SIMIP],1,Existing physical parameter
sidconcth,sidconcth,SImon.sidconcth,Sea-Ice Area Fraction Tendency Due to Thermodynamics,tendency_of_sea_ice_area_fraction_due_to_thermodynamics,,s-1,590dc60e-9e49-11e5-803c-0d0b866b59f3,si,CHANGE SINCE CMIP6 in Title - CMIP6:Sea-Ice Area Percentage Tendency Due to Thermodynamics CMIP7:Sea-Ice Area Fraction Tendency Due to Thermodynamics,CMIP6 endorsement [SIMIP],1,Existing physical parameter
sidivvel,sidivvel,SImon.sidivvel,Divergence of the Sea-Ice Velocity Field,divergence_of_sea_ice_velocity,,s-1,590d7924-9e49-11e5-803c-0d0b866b59f3,si,CHANGE SINCE CMIP6 in Description,CMIP6 endorsement [SIMIP],1,Existing physical parameter
sidmassdyn,sidmassdyn,SImon.sidmassdyn,Sea-Ice Mass Change from Dynamics,tendency_of_sea_ice_amount_due_to_sea_ice_dynamics,,kg m-2 s-1,591357b8-9e49-11e5-803c-0d0b866b59f3,si,,CMIP6 endorsement [SIMIP],1,Existing physical parameter
sidmassevapsubl,sidmassevapsubl,SImon.sidmassevapsubl,Sea-Ice Mass Change Through Evaporation and Sublimation,water_evapotranspiration_flux,,kg m-2 s-1,59146180-9e49-11e5-803c-0d0b866b59f3,si,CHANGE SINCE CMIP6 in Description,CMIP6 endorsement [SIMIP],1,Existing physical parameter
sidmassgrowthbot,sidmassgrowthbot,SImon.sidmassgrowthbot,Sea-Ice Mass Change Through Basal Growth,tendency_of_sea_ice_amount_due_to_congelation_ice_accumulation,,kg m-2 s-1,590db4ac-9e49-11e5-803c-0d0b866b59f3,si,CHANGE SINCE CMIP6 in Description,CMIP6 endorsement [SIMIP],1,Existing physical parameter
sidmassgrowthsi,sidmassgrowthsi,SImon.sidmassgrowthsi,Sea-Ice Mass Change Through Snow-to-Ice Conversion,tendency_of_sea_ice_amount_due_to_conversion_of_snow_to_sea_ice,,kg m-2 s-1,590d3518-9e49-11e5-803c-0d0b866b59f3,si,CHANGE SINCE CMIP6 in Name - CMIP6:sidmasssi CMIP7:sidmassgrowthsi,CMIP6 endorsement [SIMIP],1,Existing physical parameter
sidmassgrowthwat,sidmassgrowthwat,SImon.sidmassgrowthwat,Sea-Ice Mass Change Through Growth in Supercooled Open Water (Frazil),tendency_of_sea_ice_amount_due_to_frazil_ice_accumulation_in_leads,,kg m-2 s-1,59149c7c-9e49-11e5-803c-0d0b866b59f3,si,CHANGE SINCE CMIP6 in Description,CMIP6 endorsement [SIMIP],1,Existing physical parameter
sidmassmeltbot,sidmassmeltbot,SImon.sidmassmeltbot,Sea-Ice Mass Change Through Bottom Melting,tendency_of_sea_ice_amount_due_to_basal_melting,,kg m-2 s-1,5917ea6c-9e49-11e5-803c-0d0b866b59f3,si,CHANGE SINCE CMIP6 in Description,CMIP6 endorsement [SIMIP],1,Existing physical parameter
sidmassmeltlat,sidmassmeltlat,SImon.sidmassmeltlat,Sea-Ice Mass Change Through Lateral Melting,tendency_of_sea_ice_amount_due_to_lateral_melting,,kg m-2 s-1,590ea5c4-9e49-11e5-803c-0d0b866b59f3,si,CHANGE SINCE CMIP6 in Name and Title - CMIP6:sidmasslat and Lateral Sea Ice Melt Rate CMIP7:sidmassmeltlat and Sea-Ice Mass Change Through Lateral Melting,CMIP6 endorsement [SIMIP],1,Existing physical parameter
sidmassmelttop,sidmassmelttop,SImon.sidmassmelttop,Sea-Ice Mass Change Through Surface Melting,tendency_of_sea_ice_amount_due_to_surface_melting,,kg m-2 s-1,59179aee-9e49-11e5-803c-0d0b866b59f3,si,CHANGE SINCE CMIP6 in Description,CMIP6 endorsement [SIMIP],1,Existing physical parameter
sidmassth,sidmassth,SImon.sidmassth,Sea-Ice Mass Change from Thermodynamics,tendency_of_sea_ice_amount_due_to_sea_ice_thermodynamics,,kg m-2 s-1,590d95d0-9e49-11e5-803c-0d0b866b59f3,si,,CMIP6 endorsement [SIMIP],1,Existing physical parameter
sidmasstranx,sidmasstranx,SImon.sidmasstranx,X-Component of Sea-Ice Mass Transport,sea_ice_x_transport,,kg s-1,59172e42-9e49-11e5-803c-0d0b866b59f3,si,CHANGE SINCE CMIP6 in Description,CMIP6 endorsement [SIMIP],1,Existing physical parameter
sidmasstrany,sidmasstrany,SImon.sidmasstrany,Y-Component of Sea-Ice Mass Transport,sea_ice_y_transport,,kg s-1,59172bcc-9e49-11e5-803c-0d0b866b59f3,si,CHANGE SINCE CMIP6 in Description,CMIP6 endorsement [SIMIP],1,Existing physical parameter
sidragbot,sidragbot,SImon.sidragbot,Ocean Drag Coefficient,sea_ice_basal_drag_coefficient_for_momentum_in_sea_water,,1,590e9070-9e49-11e5-803c-0d0b866b59f3,si,,CMIP6 endorsement [SIMIP],1,Existing physical parameter
sidragtop,sidragtop,SImon.sidragtop,Atmospheric Drag Coefficient,surface_drag_coefficient_for_momentum_in_air,,1,5914e0ba-9e49-11e5-803c-0d0b866b59f3,si,,CMIP6 endorsement [SIMIP],1,Existing physical parameter
siextentn,siextentn,"SImon.siextentn, SIday.siextentn",Sea-Ice Extent North,sea_ice_extent,,1e6 km2,5917b45c-9e49-11e5-803c-0d0b866b59f3,si,CHANGE SINCE CMIP6 in Description,CMIP6 endorsement [SIMIP],1,Existing physical parameter
siextents,siextents,"SImon.siextents, SIday.siextents",Sea-Ice Extent South,sea_ice_extent,,1e6 km2,590e9ed0-9e49-11e5-803c-0d0b866b59f3,si,CHANGE SINCE CMIP6 in Description,CMIP6 endorsement [SIMIP],1,Existing physical parameter
sifb,sifb,"SImon.sifb, SIday.sifb",Sea-Ice Freeboard,sea_ice_freeboard,,m,590dac64-9e49-11e5-803c-0d0b866b59f3,si,CHANGE SINCE CMIP6 in Description,CMIP6 endorsement [SIMIP],1,Existing physical parameter
siflcondbot,siflcondbot,"SImon.siflcondbot, SIday.siflcondbot",Net Conductive Heat Flux in Sea Ice at the Base,basal_downward_heat_flux_in_sea_ice,,W m-2,5917ba9c-9e49-11e5-803c-0d0b866b59f3,si,CHANGE SINCE CMIP6 in Title and Description - CMIP6:Net Conductive Heat Fluxes in Ice at the Bottom CMIP7:Net Conductive Heat Flux in Sea Ice at the Base,CMIP6 endorsement [SIMIP],1,Existing physical parameter
siflcondtop,siflcondtop,"SImon.siflcondtop, SIday.siflcondtop",Net Conductive Heat Flux in Sea Ice at the Surface,surface_downward_heat_flux_in_sea_ice,,W m-2,590ecbda-9e49-11e5-803c-0d0b866b59f3,si,CHANGE SINCE CMIP6 in Title and Description - CMIP6:Net Conductive Heat Flux in Ice at the Surface CMIP7:Net Conductive Heat Flux in Sea Ice at the Surface,CMIP6 endorsement [SIMIP],1,Existing physical parameter
siflfwbot,siflfwbot,SImon.siflfwbot,Freshwater Flux from Sea Ice,water_flux_into_sea_water_due_to_sea_ice_thermodynamics,,kg m-2 s-1,590dce42-9e49-11e5-803c-0d0b866b59f3,si,CHANGE SINCE CMIP6 in Description,CMIP6 endorsement [SIMIP],1,Existing physical parameter
siflfwdrain,siflfwdrain,SImon.siflfwdrain,Freshwater Flux from Sea-Ice Surface,water_flux_into_sea_water_due_to_surface_drainage,,kg m-2 s-1,0353bea4-dca0-11e5-81c9-5404a60d96b5,si,,CMIP6 endorsement [SIMIP],1,Existing physical parameter
sifllattop,sifllattop,"SImon.sifllattop, SIday.sifllattop",Net Latent Heat Flux over Sea Ice,surface_downward_latent_heat_flux,,W m-2,59131140-9e49-11e5-803c-0d0b866b59f3,si,CHANGE SINCE CMIP6 in Name and CF Standard Name and Description - CMIP6:sifllatstop and surface_upward_latent_heat_flux CMIP7:sifllattop and surface_downward_latent_heat_flux,CMIP6 endorsement [SIMIP],1,Existing physical parameter
sifllwdtop,sifllwdtop,"SImon.sifllwdtop, SIday.sifllwdtop",Downwelling Longwave Flux over Sea Ice,surface_downwelling_longwave_flux_in_air,,W m-2,590e9656-9e49-11e5-803c-0d0b866b59f3,si,CHANGE SINCE CMIP6 in Description,CMIP6 endorsement [SIMIP],1,Existing physical parameter
sifllwutop,sifllwutop,"SImon.sifllwutop, SIday.sifllwutop",Upwelling Longwave Flux over Sea Ice,surface_upwelling_longwave_flux_in_air,,W m-2,591733d8-9e49-11e5-803c-0d0b866b59f3,si,CHANGE SINCE CMIP6 in Description,CMIP6 endorsement [SIMIP],1,Existing physical parameter
siflsaltbot,siflsaltbot,SImon.siflsaltbot,Salt Flux from Sea Ice,downward_sea_ice_basal_salt_flux,,kg m-2 s-1,f86eb6cd-8ca1-11ef-944e-41a8eb05f654,si,,,1,Accepted for CMIP7
siflsensbot,siflsensbot,"SImon.siflsensbot, SIday.siflsensbot",Net Upward Sensible Heat Flux under Sea Ice,upward_sea_ice_basal_heat_flux,,W m-2,590ef524-9e49-11e5-803c-0d0b866b59f3,si,CHANGE SINCE CMIP6 in Name and Title and Description - CMIP6:siflsensupbot and Net Upward Sensible Heat Flux Under Sea Ice CMIP7:siflsensbot and Net Upward Sensible Heat Flux under Sea Ice,CMIP6 endorsement [SIMIP],1,Existing physical parameter
siflsenstop,siflsenstop,"SImon.siflsenstop, SIday.siflsenstop",Net Downward Sensible Heat Flux over Sea Ice,surface_downward_sensible_heat_flux,,W m-2,590dbb78-9e49-11e5-803c-0d0b866b59f3,si,CHANGE SINCE CMIP6 in Title and CF Standard Name and Description - CMIP6:Net Upward Sensible Heat Flux over Sea Ice and surface_upward_sensible_heat_flux CMIP7:Net Downward Sensible Heat Flux over Sea Ice and surface_downward_sensible_heat_flux,CMIP6 endorsement [SIMIP],1,Existing physical parameter
siflswdbot,siflswdbot,"SImon.siflswdbot, SIday.siflswdbot",Downwelling Shortwave Flux under Sea Ice,downwelling_shortwave_flux_in_sea_water_at_sea_ice_base,,W m-2,590f5672-9e49-11e5-803c-0d0b866b59f3,si,"CHANGE SINCE CMIP6 in Title and Description - CMIP6: Downwelling Shortwave Flux Under Sea Ice, CMIP7: Downwelling Shortwave Flux under Sea Ice",CMIP6 endorsement [SIMIP],1,Existing physical parameter
siflswdtop,siflswdtop,"SImon.siflswdtop, SIday.siflswdtop",Downwelling Shortwave Flux over Sea Ice,surface_downwelling_shortwave_flux_in_air,,W m-2,590f2f8a-9e49-11e5-803c-0d0b866b59f3,si,,CMIP6 endorsement [SIMIP],1,Existing physical parameter
siflswutop,siflswutop,"SImon.siflswutop, SIday.siflswutop",Upwelling Shortwave Flux over Sea Ice,surface_upwelling_shortwave_flux_in_air,,W m-2,5917e51c-9e49-11e5-803c-0d0b866b59f3,si,,CMIP6 endorsement [SIMIP],1,Existing physical parameter
siforcecoriolx,siforcecoriolx,SImon.siforcecoriolx,Coriolis Force Term in Force Balance (X-Component),sea_ice_x_force_per_unit_area_due_to_coriolis_effect,,N m-2,590e3ee0-9e49-11e5-803c-0d0b866b59f3,si,,CMIP6 endorsement [SIMIP],1,Existing physical parameter
siforcecorioly,siforcecorioly,SImon.siforcecorioly,Coriolis Force Term in Force Balance (Y-Component),sea_ice_y_force_per_unit_area_due_to_coriolis_effect,,N m-2,590d4fc6-9e49-11e5-803c-0d0b866b59f3,si,,CMIP6 endorsement [SIMIP],1,Existing physical parameter
siforceintstrx,siforceintstrx,SImon.siforceintstrx,Internal Stress Term in Force Balance (X-Component),sea_ice_x_internal_stress,,N m-2,590df8a4-9e49-11e5-803c-0d0b866b59f3,si,,CMIP6 endorsement [SIMIP],1,Existing physical parameter
siforceintstry,siforceintstry,SImon.siforceintstry,Internal Stress Term in Force Balance (Y-Component),sea_ice_y_internal_stress,,N m-2,590df5e8-9e49-11e5-803c-0d0b866b59f3,si,,CMIP6 endorsement [SIMIP],1,Existing physical parameter
siforcetiltx,siforcetiltx,SImon.siforcetiltx,Sea-Surface Tilt Term in Force Balance (X-Component),sea_ice_x_force_per_unit_area_due_to_sea_surface_tilt,,N m-2,590ed33c-9e49-11e5-803c-0d0b866b59f3,si,,CMIP6 endorsement [SIMIP],1,Existing physical parameter
siforcetilty,siforcetilty,SImon.siforcetilty,Sea-Surface Tilt Term in Force Balance (Y-Component),sea_ice_y_force_per_unit_area_due_to_sea_surface_tilt,,N m-2,590d7654-9e49-11e5-803c-0d0b866b59f3,si,,CMIP6 endorsement [SIMIP],1,Existing physical parameter
sigpp,sigpp,"SIday.sigpp, SImon.sigpp",Gross Primary Productivity in Sea Ice as Carbon Amount Flux,gross_primary_productivity_of_biomass_expressed_as_carbon_due_to_ice_algae_in_sea_ice,gross_primary_productivity_of_biomass_expressed_as_carbon_in_sea_ice,kg m-2 s-1,f86eb6ce-8ca1-11ef-944e-41a8eb05f654,si,,,1,Accepted for CMIP7
sihc,sihc,"SImon.sihc, SIday.sihc",Sea-Ice Heat Content,sea_ice_enthalpy_content,sea_ice_enthalpy_content,J m-2,590f9d30-9e49-11e5-803c-0d0b866b59f3,si,"CHANGE SINCE CMIP6 in Title and Description - CMIP6: Sea-Ice Heat Content per Unit Area, CMIP7: Sea-Ice Heat Content. CHANGE In CF Standard Name - CMIP6: sea_ice_temperature_expressed_as_heat_content, CMIP7: sea_ice_enthalpy_content",CMIP6 endorsement [SIMIP],1,Existing physical parameter
siitdconc,siitdconc,"SImon.siitdconc, SIday.siitdconc",Sea-Ice Area Percentage in Ice Thickness Categories,sea_ice_area_fraction,,%,590d98b4-9e49-11e5-803c-0d0b866b59f3,si,"CHANGE SINCE CMIP6 in Title and Units - CMIP6: Sea-Ice Area Percentages in Thickness Categories and %, CMIP7: Sea-Ice Area Fractions in Ice Thickness Categories and 1",CMIP6 endorsement [SIMIP],1,Existing physical parameter
siitdsnconc,siitdsnconc,"SImon.siitdsnconc, SIday.siitdsnconc",Snow Area Percentage in Ice Thickness Categories,surface_snow_area_fraction,,%,590f0442-9e49-11e5-803c-0d0b866b59f3,si,"CHANGE SINCE CMIP6 in Title and Units - CMIP6: Snow Area Percentages in Ice Thickness Categories and %, CMIP7: Snow Area Fractions in Ice Thickness Categories and 1",CMIP6 endorsement [SIMIP],1,Existing physical parameter
siitdsnthick,siitdsnthick,"SImon.siitdsnthick, SIday.siitdsnthick",Snow Thickness in Ice Thickness Categories,surface_snow_thickness,,m,590dfdc2-9e49-11e5-803c-0d0b866b59f3,si,,CMIP6 endorsement [SIMIP],1,Existing physical parameter
siitdthick,siitdthick,"SImon.siitdthick, SIday.siitdthick",Sea-Ice Thickness in Ice Thickness Categories,sea_ice_thickness,,m,59133288-9e49-11e5-803c-0d0b866b59f3,si,"CHANGE SINCE CMIP6 in Title - CMIP6: Sea-Ice Thickness in Thickness Categories, CMIP7: Sea-Ice Thickness in Ice Thickness Categories",CMIP6 endorsement [SIMIP],1,Existing physical parameter
simass,simass,SImon.simass,Sea-Ice Mass,sea_ice_amount,,kg m-2,5917184e-9e49-11e5-803c-0d0b866b59f3,si,"CHANGE SINCE CMIP6 in Title - CMIP6: Sea-Ice Mass per Area, CMIP7: Sea-Ice Mass",CMIP6 endorsement [SIMIP],1,Existing physical parameter
simassacrossline,simassacrossline,SImon.simassacrossline,Sea-Ice Mass Flux Through Straits,sea_ice_transport_across_line,,kg s-1,7309e7f8-7a68-11e6-8db2-ac72891c3257,si,"CHANGE SINCE CMIP6 in Title and Description - CMIP6: Sea Mass Area Flux Through Straits, CMIP7: Sea-Ice Mass Flux Through Straits",CMIP6 endorsement [SIMIP],1,Existing physical parameter
simpconc,simpconc,"SImon.simpconc, SIday.simpconc",Fraction of Sea Ice Covered by Melt Pond,area_fraction,,%,590eb1ea-9e49-11e5-803c-0d0b866b59f3,si,"CHANGE SINCE CMIP6 in Title and Description - CMIP6: Percentage Cover of Sea Ice by Meltpond, CMIP7: Fraction of Sea Ice Covered by Melt Pond",CMIP6 endorsement [SIMIP],1,Existing physical parameter
simpeffconc,simpeffconc,"SImon.simpeffconc, SIday.simpeffconc",Fraction of Sea Ice Covered by Effective Melt Pond,area_fraction,,%,80ab7255-a698-11ef-914a-613c0433d878,si,,,1,Accepted for CMIP7
simprefrozen,simprefrozen,"SImon.simprefrozen, SIday.simprefrozen",Thickness of Refrozen Ice on Melt Pond,thickness_of_ice_on_sea_ice_melt_pond,,m,591523cc-9e49-11e5-803c-0d0b866b59f3,si,,CMIP6 endorsement [SIMIP],1,Existing physical parameter
simpthick,simpthick,"SImon.simpthick, SIday.simpthick",Melt Pond Depth,sea_ice_melt_pond_thickness,,m,aa9073c2-1b36-11e6-a696-35cd2d8034df,si,"CHANGE SINCE CMIP6 in Name and Title and Description - CMIP6: simpmass and Meltpond Mass per Unit Area (as Depth), CMIP7: simpthick and Melt Pond Depth",CMIP6 endorsement [SIMIP],1,Existing physical parameter
sino3,sino3,"SIday.sino3, SImon.sino3",Dissolved Nitrate Amount in Sea Ice,sea_ice_mole_content_of_nitrate,mole_amount_of_nitrate_in_sea_ice,mol m-2,f86eb6cf-8ca1-11ef-944e-41a8eb05f654,si,,,1,Accepted for CMIP7
sipr,sipr,SImon.sipr,Rainfall Rate over Sea Ice,rainfall_flux,,kg m-2 s-1,59138238-9e49-11e5-803c-0d0b866b59f3,si,CHANGE SINCE CMIP6 in Description,CMIP6 endorsement [SIMIP],1,Existing physical parameter
sirdgconc,sirdgconc,"SImon.sirdgconc, SIday.sirdgconc",Fraction of Ridged Sea Ice,area_fraction,,%,590dfb2e-9e49-11e5-803c-0d0b866b59f3,si,"CHANGE SINCE CMIP6 in Title and Description - CMIP6: Percentage Cover of Sea Ice by Ridging, CMIP7: Fraction of Ridged Sea Ice",CMIP6 endorsement [SIMIP],1,Existing physical parameter
sirdgthick,sirdgthick,"SImon.sirdgthick, SIday.sirdgthick",Ridged Ice Thickness,sea_ice_thickness,,m,5914eb78-9e49-11e5-803c-0d0b866b59f3,si,CHANGE SINCE CMIP6 in Description,CMIP6 endorsement [SIMIP],1,Existing physical parameter
sisali,sisali,"SImon.sisali, SIday.sisali",Sea-Ice Salinity,sea_ice_salinity,,1.00E-03,5913e674-9e49-11e5-803c-0d0b866b59f3,si,"CHANGE SINCE CMIP6 in Title and Units and Description - CMIP6: Sea Ice Salinity and 1, CMIP7: Sea-Ice Salinity and 1E-03",CMIP6 endorsement [SIMIP],1,Existing physical parameter
sisaltmass,sisaltmass,"SImon.sisaltmass, SIday.sisaltmass",Mass of Salt in Sea Ice,sea_ice_mass_content_of_salt,,kg m-2,590c7920-9e49-11e5-803c-0d0b866b59f3,si,"CHANGE SINCE CMIP6 in Title and Description - CMIP6: Mass of Salt in Sea Ice per Area, CMIP7: Mass of Salt in Sea Ice",CMIP6 endorsement [SIMIP],1,Existing physical parameter
sishearvel,sishearvel,SImon.sishearvel,Maximum Shear of Sea-Ice Velocity Field,maximum_over_coordinate_rotation_of_sea_ice_horizontal_shear_strain_rate,,s-1,590d70b4-9e49-11e5-803c-0d0b866b59f3,si,"CHANGE SINCE CMIP6 in Name - CMIP6: sishevel, CMIP7: sishearvel",CMIP6 endorsement [SIMIP],1,Existing physical parameter
sisi,sisi,"SIday.sisi, SImon.sisi",Dissolved Silicon Amount in Sea Ice,sea_ice_mole_content_of_silicon,mole_amount_of_silicon_in_sea_ice,mol m-2,f86eb6d0-8ca1-11ef-944e-41a8eb05f654,si,,,1,Accepted for CMIP7
sisnconc,sisnconc,SImon.sisnconc,Snow Area Percentage,surface_snow_area_fraction,,%,590d38b0-9e49-11e5-803c-0d0b866b59f3,si,"CHANGE SINCE CMIP6 in Title and Units and Description - CMIP6: Snow Area Percentage and %, CMIP7: Snow Area Fraction and 1",CMIP6 endorsement [SIMIP],1,Existing physical parameter
sisndmassdyn,sisndmassdyn,SImon.sisndmassdyn,Snow Mass Rate of Change Through Advection by Sea-Ice Dynamics,tendency_of_surface_snow_amount_due_to_sea_ice_dynamics,,kg m-2 s-1,59139246-9e49-11e5-803c-0d0b866b59f3,si,"CHANGE SINCE CMIP6 in Name - CMIP6: sndmassdyn, CMIP7: sisndmassdyn",CMIP6 endorsement [SIMIP],1,Existing physical parameter
sisndmassmelt,sisndmassmelt,SImon.sisndmassmelt,Snow Mass Rate of Change Through Melt,surface_snow_melt_flux,,kg m-2 s-1,590e1ef6-9e49-11e5-803c-0d0b866b59f3,si,"CHANGE SINCE CMIP6 in Name - CMIP6: sndmassmelt, CMIP7: sisndmassmelt",CMIP6 endorsement [SIMIP],1,Existing physical parameter
sisndmasssi,sisndmasssi,SImon.sisndmasssi,Snow Mass Rate of Change Through Snow-to-Ice Conversion,tendency_of_surface_snow_amount_due_to_conversion_of_snow_to_sea_ice,,kg m-2 s-1,5914c95e-9e49-11e5-803c-0d0b866b59f3,si,"CHANGE SINCE CMIP6 in Name - CMIP6: sndmasssi, CMIP7: sisndmasssi",CMIP6 endorsement [SIMIP],1,Existing physical parameter
sisndmasssnf,sisndmasssnf,SImon.sisndmasssnf,Snow Mass Change Through Snowfall,snowfall_flux,,kg m-2 s-1,59142a3a-9e49-11e5-803c-0d0b866b59f3,si,"CHANGE SINCE CMIP6 in Name and Description - CMIP6: sndmasssnf, CMIP7: sisndmasssnf",CMIP6 endorsement [SIMIP],1,Existing physical parameter
sisndmasssubl,sisndmasssubl,SImon.sisndmasssubl,Snow Mass Rate of Change Through Evaporation or Sublimation,tendency_of_atmosphere_mass_content_of_water_vapor_due_to_sublimation_of_surface_snow_and_ice,,kg m-2 s-1,590de2ce-9e49-11e5-803c-0d0b866b59f3,si,"CHANGE SINCE CMIP6 in Name and Description - CMIP6: sndmasssubl, CMIP7: sisndmasssubl",CMIP6 endorsement [SIMIP],1,Existing physical parameter
sisndmasswind,sisndmasswind,SImon.sisndmasswind,Snow Mass Rate of Change Through Wind Drift of Snow,tendency_of_surface_snow_amount_due_to_drifting_into_sea,,kg m-2 s-1,590d7370-9e49-11e5-803c-0d0b866b59f3,si,"CHANGE SINCE CMIP6 in Name and Description - CMIP6: sndmasswindrif, CMIP7: sisndmasswind",CMIP6 endorsement [SIMIP],1,Existing physical parameter
sisnhc,sisnhc,"SImon.sisnhc, SIday.sisnhc",Snow Heat Content,thermal_energy_content_of_surface_snow,,J m-2,5912f890-9e49-11e5-803c-0d0b866b59f3,si,"CHANGE SINCE CMIP6 in Title and Description - CMIP6: Snow Heat Content per Unit Area, CMIP7: Snow Heat Content",CMIP6 endorsement [SIMIP],1,Existing physical parameter
sisnmass,sisnmass,SImon.sisnmass,Snow Mass per Area,surface_snow_amount,,kg m-2,5914a6b8-9e49-11e5-803c-0d0b866b59f3,si,CHANGE SINCE CMIP6 in Description,CMIP6 endorsement [SIMIP],1,Existing physical parameter
sisnmassacrossline,sisnmassacrossline,SImon.sisnmassacrossline,Snow Mass Flux Through Straits,snow_transport_across_line_due_to_sea_ice_dynamics,,kg s-1,7309b2ce-7a68-11e6-8db2-ac72891c3257,si,"CHANGE SINCE CMIP6 in Name and Description - CMIP6: snmassacrossline, CMIP7: sisnmassacrossline",CMIP6 endorsement [SIMIP],1,Existing physical parameter
sisnmassn,sisnmassn,"SImon.sisnmassn, SIday.sisnmassn",Snow Mass on Sea Ice North,surface_snow_mass,surface_snow_mass,kg,f86eb6d1-8ca1-11ef-944e-41a8eb05f654,si,,,1,Accepted for CMIP7
sisnmasss,sisnmasss,"SImon.sisnmasss, SIday.sisnmasss",Snow Mass on Sea Ice South,surface_snow_mass,surface_snow_mass,kg,f86eb6d2-8ca1-11ef-944e-41a8eb05f654,si,,,1,Accepted for CMIP7
sisnthick,sisnthick,"SImon.sisnthick, SIday.sisnthick, SImon.sisnthickSouth30",Snow Thickness,surface_snow_thickness,,m,5913c266-9e49-11e5-803c-0d0b866b59f3,si,CHANGE SINCE CMIP6 in Description,CMIP6 endorsement [SIMIP],1,Existing physical parameter
sispeed,sispeed,"SImon.sispeed, SIday.sispeed",Sea-Ice Speed,sea_ice_speed,,m s-1,590f4f2e-9e49-11e5-803c-0d0b866b59f3,si,,CMIP6 endorsement [SIMIP],1,Existing physical parameter
sistressave,sistressave,SImon.sistressave,Average Normal Stress in Sea Ice,sea_ice_average_normal_horizontal_stress,,N m-1,590e4bd8-9e49-11e5-803c-0d0b866b59f3,si,"CHANGE SINCE CMIP6 in Name - CMIP6: sistresave, CMIP7: sistressave",CMIP6 endorsement [SIMIP],1,Existing physical parameter
sistressmax,sistressmax,SImon.sistressmax,Maximum Shear Stress in Sea Ice,maximum_over_coordinate_rotation_of_sea_ice_horizontal_shear_stress,,N m-1,590ea16e-9e49-11e5-803c-0d0b866b59f3,si,"CHANGE SINCE CMIP6 in Name - CMIP6: sistremax, CMIP7: sistressmax",CMIP6 endorsement [SIMIP],1,Existing physical parameter
sistrxdtop,sistrxdtop,SImon.sistrxdtop,X-Component of Atmospheric Stress on Sea Ice,surface_downward_x_stress,,N m-2,5913f77c-9e49-11e5-803c-0d0b866b59f3,si,,CMIP6 endorsement [SIMIP],1,Existing physical parameter
sistrxubot,sistrxubot,SImon.sistrxubot,X-Component of Ocean Stress on Sea Ice,upward_x_stress_at_sea_ice_base,,N m-2,590d2848-9e49-11e5-803c-0d0b866b59f3,si,,CMIP6 endorsement [SIMIP],1,Existing physical parameter
sistrydtop,sistrydtop,SImon.sistrydtop,Y-Component of Atmospheric Stress on Sea Ice,surface_downward_y_stress,,N m-2,591774d8-9e49-11e5-803c-0d0b866b59f3,si,,CMIP6 endorsement [SIMIP],1,Existing physical parameter
sistryubot,sistryubot,SImon.sistryubot,Y-Component of Ocean Stress on Sea Ice,upward_y_stress_at_sea_ice_base,,N m-2,59150da6-9e49-11e5-803c-0d0b866b59f3,si,,CMIP6 endorsement [SIMIP],1,Existing physical parameter
sitempbot,sitempbot,"SImon.sitempbot, SIday.sitempbot",Temperature at Ice-Ocean Interface,sea_ice_basal_temperature,,K,5914d6d8-9e49-11e5-803c-0d0b866b59f3,si,,CMIP6 endorsement [SIMIP],1,Existing physical parameter
sitempsnic,sitempsnic,"SImon.sitempsnic, SIday.sitempsnic",Temperature at Snow-Ice Interface,sea_ice_surface_temperature,,K,590e34fe-9e49-11e5-803c-0d0b866b59f3,si,CHANGE SINCE CMIP6 in Description,CMIP6 endorsement [SIMIP],1,Existing physical parameter
sitemptop,sitemptop,"SImon.sitemptop, SIday.sitemptop, SImon.sitemptopSouth30",Surface Temperature of Sea Ice,surface_temperature,,K,5914a456-9e49-11e5-803c-0d0b866b59f3,si,CHANGE SINCE CMIP6 in Description,CMIP6 endorsement [SIMIP],1,Existing physical parameter
sithick,sithick,"SImon.sithick, SIday.sithick, SImon.sithickSouth30",Sea-Ice Thickness,sea_ice_thickness,,m,591321f8-9e49-11e5-803c-0d0b866b59f3,si,"CHANGE SINCE CMIP6 in Title and Description - CMIP6: Sea Ice Thickness, CMIP7: Sea-Ice Thickness",CMIP6 endorsement [SIMIP],1,Existing physical parameter
sitimefrac,sitimefrac,"SImon.sitimefrac, SIday.sitimefrac, SImon.sitimefracSouth30",Fraction of Time Steps with Sea Ice,fraction_of_time_with_sea_ice_area_fraction_above_threshold,,1,590e8b2a-9e49-11e5-803c-0d0b866b59f3,si,,CMIP6 endorsement [SIMIP],1,Existing physical parameter
siu,siu,"SImon.siu, SIday.siu, SImon.siuSouth30",X-Component of Sea-Ice Velocity,sea_ice_x_velocity,,m s-1,590e80c6-9e49-11e5-803c-0d0b866b59f3,si,,CMIP6 endorsement [SIMIP],1,Existing physical parameter
siv,siv,"SImon.siv, SIday.siv, SImon.sivSouth30",Y-Component of Sea-Ice Velocity,sea_ice_y_velocity,,m s-1,59141748-9e49-11e5-803c-0d0b866b59f3,si,,CMIP6 endorsement [SIMIP],1,Existing physical parameter
sivol,sivol,SImon.sivol,Sea-Ice Volume per Area,sea_ice_thickness,,m,591801d2-9e49-11e5-803c-0d0b866b59f3,si,,CMIP6 endorsement [SIMIP],1,Existing physical parameter
sivoln,sivoln,"SImon.sivoln, SIday.sivoln",Sea-Ice Volume North,sea_ice_volume,,1e3 km3,5913c9aa-9e49-11e5-803c-0d0b866b59f3,si,,CMIP6 endorsement [SIMIP],1,Existing physical parameter
sivols,sivols,"SImon.sivols, SIday.sivols",Sea-Ice Volume South,sea_ice_volume,,1e3 km3,590ee2fa-9e49-11e5-803c-0d0b866b59f3,si,,CMIP6 endorsement [SIMIP],1,Existing physical parameter
tslsi,tslsi,"day.tslsi, 3hr.tslsi",Surface Temperature Where Land or Sea Ice,surface_temperature,,K,2a92e434b37059d90e72b193bdbcce0f,si,,"CMIP5_day,PMIP3_day",1,Existing physical parameter
vsfsit,vsfsit,Omon.vsfsit,Virtual Salt Flux into Sea Water Due to Sea Ice Thermodynamics,virtual_salt_flux_into_sea_water_due_to_sea_ice_thermodynamics,,kg m-2 s-1,d0c290e7deb148591b62f8f050a885c2,si,,OMIP.Omon,1,Existing physical parameter
